smoker,tip_percent
Yes,16.319604463687792
No,15.932846217921526
